Workbook

Sheet Comparison
A1: SVT20 vs LVT20 (mult, 16-bit multiplier)
A2: Green = pulled from the SVT20 / LVT20 sheets. Black = formulas.
A4: Group | B4: clk_period_min (ns) | C4: Fmax (GHz) | D4: Min E_total (pJ) | E4: at multiplier
A5: SVT20 | B5: =SVT20!B4 | C5: =SVT20!B5 | D5: =SVT20!B25 | E5: =SVT20!B27
A6: LVT20 | B6: =LVT20!B4 | C6: =LVT20!B5 | D6: =LVT20!B25 | E6: =LVT20!B27
A8: Multiplier (x clk_min) | B8: SVT20 clk (ns) | C8: SVT20 E_total (pJ) | D8: SVT20 leak share | E8: LVT20 clk (ns) | F8: LVT20 E_total (pJ) | G8: LVT20 leak share | H8: LVT20 / SVT20 E_total
A9: =SVT20!A8 | B9: =SVT20!B8 | C9: =SVT20!L8 | D9: =SVT20!M8 | E9: =LVT20!B8 | F9: =LVT20!L8 | G9: =LVT20!M8 | H9: =F9/C9
A10: =SVT20!A9 | B10: =SVT20!B9 | C10: =SVT20!L9 | D10: =SVT20!M9 | E10: =LVT20!B9 | F10: =LVT20!L9 | G10: =LVT20!M9 | H10: =F10/C10
A11: =SVT20!A10 | B11: =SVT20!B10 | C11: =SVT20!L10 | D11: =SVT20!M10 | E11: =LVT20!B10 | F11: =LVT20!L10 | G11: =LVT20!M10 | H11: =F11/C11
A12: =SVT20!A11 | B12: =SVT20!B11 | C12: =SVT20!L11 | D12: =SVT20!M11 | E12: =LVT20!B11 | F12: =LVT20!L11 | G12: =LVT20!M11 | H12: =F12/C12
A13: =SVT20!A12 | B13: =SVT20!B12 | C13: =SVT20!L12 | D13: =SVT20!M12 | E13: =LVT20!B12 | F13: =LVT20!L12 | G13: =LVT20!M12 | H13: =F13/C13
A14: =SVT20!A13 | B14: =SVT20!B13 | C14: =SVT20!L13 | D14: =SVT20!M13 | E14: =LVT20!B13 | F14: =LVT20!L13 | G14: =LVT20!M13 | H14: =F14/C14
A15: =SVT20!A14 | B15: =SVT20!B14 | C15: =SVT20!L14 | D15: =SVT20!M14 | E15: =LVT20!B14 | F15: =LVT20!L14 | G15: =LVT20!M14 | H15: =F15/C15
A16: =SVT20!A15 | B16: =SVT20!B15 | C16: =SVT20!L15 | D16: =SVT20!M15 | E16: =LVT20!B15 | F16: =LVT20!L15 | G16: =LVT20!M15 | H16: =F16/C16
A17: =SVT20!A16 | B17: =SVT20!B16 | C17: =SVT20!L16 | D17: =SVT20!M16 | E17: =LVT20!B16 | F17: =LVT20!L16 | G17: =LVT20!M16 | H17: =F17/C17
A18: =SVT20!A17 | B18: =SVT20!B17 | C18: =SVT20!L17 | D18: =SVT20!M17 | E18: =LVT20!B17 | F18: =LVT20!L17 | G18: =LVT20!M17 | H18: =F18/C18
A19: =SVT20!A18 | B19: =SVT20!B18 | C19: =SVT20!L18 | D19: =SVT20!M18 | E19: =LVT20!B18 | F19: =LVT20!L18 | G19: =LVT20!M18 | H19: =F19/C19
A20: =SVT20!A19 | B20: =SVT20!B19 | C20: =SVT20!L19 | D20: =SVT20!M19 | E20: =LVT20!B19 | F20: =LVT20!L19 | G20: =LVT20!M19 | H20: =F20/C20
... A24: =SVT20!A23 | B24: =SVT20!B23 | C24: =SVT20!L23 | D24: =SVT20!M23 | E24: =LVT20!B23 | F24: =LVT20!L23 | G24: =LVT20!M23 | H24: =F24/C24
A26: Each row pairs the two libraries at the same multiple of their own clk_period_min.

Sheet SVT20
A1: SVT20 energy sweep (mult, 16-bit multiplier)
A2: Blue = values copied from DC reports / chosen by you. Black = formulas. Green row = minimum E_total.
A4: clk_period_min (ns) | B4: 0.33
A5: Fmax (GHz) | B5: =1/B4
A7: Multiplier (x clk_min) | B7: clk_period (ns) | C7: Worst slack (ns) | D7: Cell area | E7: Switch (mW) | F7: Int (mW) | G7: Leak (nW) | H7: P_Dyn (mW) | I7: P_Leak (mW) | J7: E_Dyn (pJ) | K7: E_Leak (pJ) | L7: E_total (pJ) | M7: Leakage share
A8: =B8/$B$4 | B8: 0.33 | C8: 0 | D8: 525.7095 | E8: 0.913 | F8: 1.883 | G8: 1070 | H8: =E8+F8 | I8: =G8/1000000 | J8: =H8*B8 | K8: =I8*B8 | L8: =J8+K8 | M8: =K8/L8
A9: =B9/$B$4 | B9: 0.3465 | C9: 0 | D9: 439.9661 | E9: 0.725 | F9: 1.451 | G9: 775.288 | H9: =E9+F9 | I9: =G9/1000000 | J9: =H9*B9 | K9: =I9*B9 | L9: =J9+K9 | M9: =K9/L9
A10: =B10/$B$4 | B10: 0.363 | C10: 0 | D10: 407.5661 | E10: 0.656 | F10: 1.259 | G10: 675.07 | H10: =E10+F10 | I10: =G10/1000000 | J10: =H10*B10 | K10: =I10*B10 | L10: =J10+K10 | M10: =K10/L10
A11: =B11/$B$4 | B11: 0.3795 | C11: 0 | D11: 380.5056 | E11: 0.583 | F11: 1.101 | G11: 582.668 | H11: =E11+F11 | I11: =G11/1000000 | J11: =H11*B11 | K11: =I11*B11 | L11: =J11+K11 | M11: =K11/L11
A12: =B12/$B$4 | B12: 0.396 | C12: 0 | D12: 371.7965 | E12: 0.553 | F12: 1.036 | G12: 556.483 | H12: =E12+F12 | I12: =G12/1000000 | J12: =H12*B12 | K12: =I12*B12 | L12: =J12+K12 | M12: =K12/L12
A13: =B13/$B$4 | B13: 0.4125 | C13: 0 | D13: 365.5757 | E13: 0.517 | F13: 0.974 | G13: 533.531 | H13: =E13+F13 | I13: =G13/1000000 | J13: =H13*B13 | K13: =I13*B13 | L13: =J13+K13 | M13: =K13/L13
A14: =B14/$B$4 | B14: 0.429 | C14: 0 | D14: 359.5104 | E14: 0.478 | F14: 0.931 | G14: 527.784 | H14: =E14+F14 | I14: =G14/1000000 | J14: =H14*B14 | K14: =I14*B14 | L14: =J14+K14 | M14: =K14/L14
A15: =B15/$B$4 | B15: 0.462 | C15: 0 | D15: 355.5187 | E15: 0.437 | F15: 0.858 | G15: 521.473 | H15: =E15+F15 | I15: =G15/1000000 | J15: =H15*B15 | K15: =I15*B15 | L15: =J15+K15 | M15: =K15/L15
A16: =B16/$B$4 | B16: 0.495 | C16: 0 | D16: 356.089 | E16: 0.412 | F16: 0.803 | G16: 522.946 | H16: =E16+F16 | I16: =G16/1000000 | J16: =H16*B16 | K16: =I16*B16 | L16: =J16+K16 | M16: =K16/L16
A17: =B17/$B$4 | B17: 0.5775 | C17: 0 | D17: 352.1491 | E17: 0.348 | F17: 0.688 | G17: 517.909 | H17: =E17+F17 | I17: =G17/1000000 | J17: =H17*B17 | K17: =I17*B17 | L17: =J17+K17 | M17: =K17/L17
A18: =B18/$B$4 | B18: 0.66 | C18: 0 | D18: 348.1574 | E18: 0.294 | F18: 0.597 | G18: 510.992 | H18: =E18+F18 | I18: =G18/1000000 | J18: =H18*B18 | K18: =I18*B18 | L18: =J18+K18 | M18: =K18/L18
A19: =B19/$B$4 | B19: 0.99 | C19: 0 | D19: 327.4214 | E19: 0.196 | F19: 0.379 | G19: 403.321 | H19: =E19+F19 | I19: =G19/1000000 | J19: =H19*B19 | K19: =I19*B19 | L19: =J19+K19 | M19: =K19/L19
... A23: =B23/$B$4 | B23: 330 | C23: 328.87 | D23: 318.1939 | E23: 0.00055 | F23: 0.00103 | G23: 360.637 | H23: =E23+F23 | I23: =G23/1000000 | J23: =H23*B23 | K23: =I23*B23 | L23: =J23+K23 | M23: =K23/L23
A25: Min E_total (pJ) | B25: =MIN(L8:L23)
A26: at clk_period (ns) | B26: =INDEX(B8:B23,MATCH(B25,L8:L23,0))
A27: at multiplier | B27: =INDEX(A8:A23,MATCH(B25,L8:L23,0))
A29: Units from the DC power report header: Switch/Int in mW, Leak in nW. Time in ns.
A30: P_Dyn = Switch + Int; P_Leak = Leak / 1e6; E = P x clk_period (mW x ns = pJ); E_total = E_Dyn + E_Leak.
A31: Cell area is in the library's area unit (um^2 for the N16 standard cells), from report_area.
A32: Source: synthesis/lab2/reports/SVT20/mult.<clk>.SVT20.syn_power.rpt, _timing.rpt, _area.rpt (DC V-2023.12-SP5, tt0p8v25c).

Sheet LVT20
A1: LVT20 energy sweep (mult, 16-bit multiplier)
A2: Blue = values copied from DC reports / chosen by you. Black = formulas. Green row = minimum E_total.
A4: clk_period_min (ns) | B4: 0.244
A5: Fmax (GHz) | B5: =1/B4
A7: Multiplier (x clk_min) | B7: clk_period (ns) | C7: Worst slack (ns) | D7: Cell area | E7: Switch (mW) | F7: Int (mW) | G7: Leak (nW) | H7: P_Dyn (mW) | I7: P_Leak (mW) | J7: E_Dyn (pJ) | K7: E_Leak (pJ) | L7: E_total (pJ) | M7: Leakage share
A8: =B8/$B$4 | B8: 0.244 | C8: 0 | D8: 525.2429 | E8: 1.349 | F8: 2.706 | G8: 13400 | H8: =E8+F8 | I8: =G8/1000000 | J8: =H8*B8 | K8: =I8*B8 | L8: =J8+K8 | M8: =K8/L8
A9: =B9/$B$4 | B9: 0.2562 | C9: 0 | D9: 462.8275 | E9: 1.088 | F9: 2.154 | G9: 10800 | H9: =E9+F9 | I9: =G9/1000000 | J9: =H9*B9 | K9: =I9*B9 | L9: =J9+K9 | M9: =K9/L9
A10: =B10/$B$4 | B10: 0.2684 | C10: 0 | D10: 412.6983 | E10: 0.922 | F10: 1.827 | G10: 8630 | H10: =E10+F10 | I10: =G10/1000000 | J10: =H10*B10 | K10: =I10*B10 | L10: =J10+K10 | M10: =K10/L10
A11: =B11/$B$4 | B11: 0.2806 | C11: 0 | D11: 391.2365 | E11: 0.858 | F11: 1.693 | G11: 7720 | H11: =E11+F11 | I11: =G11/1000000 | J11: =H11*B11 | K11: =I11*B11 | L11: =J11+K11 | M11: =K11/L11
A12: =B12/$B$4 | B12: 0.2928 | C12: 0 | D12: 377.7062 | E12: 0.801 | F12: 1.576 | G12: 7200 | H12: =E12+F12 | I12: =G12/1000000 | J12: =H12*B12 | K12: =I12*B12 | L12: =J12+K12 | M12: =K12/L12
A13: =B13/$B$4 | B13: 0.305 | C13: 0 | D13: 367.7011 | E13: 0.736 | F13: 1.484 | G13: 6750 | H13: =E13+F13 | I13: =G13/1000000 | J13: =H13*B13 | K13: =I13*B13 | L13: =J13+K13 | M13: =K13/L13
A14: =B14/$B$4 | B14: 0.3172 | C14: 0 | D14: 364.3834 | E14: 0.694 | F14: 1.415 | G14: 6600 | H14: =E14+F14 | I14: =G14/1000000 | J14: =H14*B14 | K14: =I14*B14 | L14: =J14+K14 | M14: =K14/L14
A15: =B15/$B$4 | B15: 0.3416 | C15: 0 | D15: 354.793 | E15: 0.609 | F15: 1.293 | G15: 6420 | H15: =E15+F15 | I15: =G15/1000000 | J15: =H15*B15 | K15: =I15*B15 | L15: =J15+K15 | M15: =K15/L15
A16: =B16/$B$4 | B16: 0.366 | C16: 0 | D16: 355.5187 | E16: 0.57 | F16: 1.215 | G16: 6490 | H16: =E16+F16 | I16: =G16/1000000 | J16: =H16*B16 | K16: =I16*B16 | L16: =J16+K16 | M16: =K16/L16
A17: =B17/$B$4 | B17: 0.427 | C17: 0 | D17: 352.6157 | E17: 0.477 | F17: 1.033 | G17: 6440 | H17: =E17+F17 | I17: =G17/1000000 | J17: =H17*B17 | K17: =I17*B17 | L17: =J17+K17 | M17: =K17/L17
A18: =B18/$B$4 | B18: 0.488 | C18: 0 | D18: 346.9133 | E18: 0.407 | F18: 0.896 | G18: 6300 | H18: =E18+F18 | I18: =G18/1000000 | J18: =H18*B18 | K18: =I18*B18 | L18: =J18+K18 | M18: =K18/L18
A19: =B19/$B$4 | B19: 0.732 | C19: 0 | D19: 320.112 | E19: 0.27 | F19: 0.587 | G19: 5260 | H19: =E19+F19 | I19: =G19/1000000 | J19: =H19*B19 | K19: =I19*B19 | L19: =J19+K19 | M19: =K19/L19
... A23: =B23/$B$4 | B23: 244 | C23: 243.17 | D23: 310.729 | E23: 0.000748 | F23: 0.00154 | G23: 4660 | H23: =E23+F23 | I23: =G23/1000000 | J23: =H23*B23 | K23: =I23*B23 | L23: =J23+K23 | M23: =K23/L23
A25: Min E_total (pJ) | B25: =MIN(L8:L23)
A26: at clk_period (ns) | B26: =INDEX(B8:B23,MATCH(B25,L8:L23,0))
A27: at multiplier | B27: =INDEX(A8:A23,MATCH(B25,L8:L23,0))
A29: Units from the DC power report header: Switch/Int in mW, Leak in nW. Time in ns.
A30: P_Dyn = Switch + Int; P_Leak = Leak / 1e6; E = P x clk_period (mW x ns = pJ); E_total = E_Dyn + E_Leak.
A31: Cell area is in the library's area unit (um^2 for the N16 standard cells), from report_area.
A32: Source: synthesis/lab2/reports/LVT20/mult.<clk>.LVT20.syn_power.rpt, _timing.rpt, _area.rpt (DC V-2023.12-SP5, tt0p8v25c).
